,title,time,like,share,url
0,"<div class=""x1iorvi4 x1pi30zi x1l90r2v x1swvt13"" data-ad-comet-preview=""message"" data-ad-preview=""message"" id="":r11:""><div class=""x78zum5 xdt5ytf xz62fqu x16ldp7u""><div class=""xu06os2 x1ok221b""><span class=""x193iq5w xeuugli x13faqbe x1vvkbs x1xmvt09 x1lliihq x1s928wv xhkezso x1gmr53x x1cpjm7i x1fgarty x1943h6x xudqn12 x3x7a5m x6prxxf xvq8zen xo1l8bm xzsf02u x1yc453h"" dir=""auto""><div class=""xdj266r x11i5rnm xat24cr x1mh8g0r x1vvkbs x126k92a""><div dir=""auto"" style=""text-align: start;""><span class=""x3nfvp2 x1j61x8r x1fcty0u xdj266r xhhsvwb xat24cr xgzva0m xxymvpz xlup9mm x1kky2od""><img height=""16"" width=""16"" alt=""ğŸ¤©"" class=""xz74otr"" referrerpolicy=""origin-when-cross-origin"" src=""https://static.xx.fbcdn.net/images/emoji.php/v9/t58/1/16/1f929.png""></span><span class=""x3nfvp2 x1j61x8r x1fcty0u xdj266r xhhsvwb xat24cr xgzva0m xxymvpz xlup9mm x1kky2od""><img height=""16"" width=""16"" alt=""ğŸ¤©"" class=""xz74otr"" referrerpolicy=""origin-when-cross-origin"" src=""https://static.xx.fbcdn.net/images/emoji.php/v9/t58/1/16/1f929.png""></span> Thá»­ ngay menu gÃ  rÃ¡n must-try Cece'Box cÃ¹ng Tiktoker @Anvedem </div></div><div class=""x11i5rnm xat24cr x1mh8g0r x1vvkbs xtlvy1s x126k92a""><div dir=""auto"" style=""text-align: start;""><span class=""x3nfvp2 x1j61x8r x1fcty0u xdj266r xhhsvwb xat24cr xgzva0m xxymvpz xlup9mm x1kky2od""><img height=""16"" width=""16"" alt=""ğŸ§"" class=""xz74otr"" referrerpolicy=""origin-when-cross-origin"" src=""https://static.xx.fbcdn.net/images/emoji.php/v9/tdd/1/16/1f9d0.png""></span> Láº§n Ä‘áº§u order Cece' váº«n cÃ²n lÃºng tÃºng Æ°!? </div><div dir=""auto"" style=""text-align: start;""><span class=""x3nfvp2 x1j61x8r x1fcty0u xdj266r xhhsvwb xat24cr xgzva0m xxymvpz xlup9mm x1kky2od""><img height=""16"" width=""16"" alt=""âœŒï¸"" class=""xz74otr"" referrerpolicy=""origin-when-cross-origin"" src=""https://static.xx.fbcdn.net/images/emoji.php/v9/t61/1/16/270c.png""></span> Äá»«ng lo, láº¡i Ä‘Ã¢y chÃºng mÃ¬nh mÃ¡ch nhá» báº¡n cÃ¡c lá»±a chá»n mÃ³n signature Ä‘á»ƒ báº¡n náº¿m trá»n hÆ°Æ¡ng vá»‹ CECE BOX nhÃ©! </div><div dir=""auto"" style=""text-align: start;""><span class=""x3nfvp2 x1j61x8r x1fcty0u xdj266r xhhsvwb xat24cr xgzva0m xxymvpz xlup9mm x1kky2od""><img height=""16"" width=""16"" alt=""âœ”ï¸"" class=""xz74otr"" referrerpolicy=""origin-when-cross-origin"" src=""https://static.xx.fbcdn.net/images/emoji.php/v9/t51/1/16/2714.png""></span> GÃ  rÃ¡n truyá»n thá»‘ng Äƒn kÃ¨m 4 loáº¡i sá»‘t Ä‘áº·c trÆ°ng: Sá»‘t kem, Sá»‘t cay, Sá»‘t BBQ, Sá»‘t MÃ¹ táº¡t máº­t ong </div><div dir=""auto"" style=""text-align: start;""><span class=""x3nfvp2 x1j61x8r x1fcty0u xdj266r xhhsvwb xat24cr xgzva0m xxymvpz xlup9mm x1kky2od""><img height=""16"" width=""16"" alt=""âœ”ï¸"" class=""xz74otr"" referrerpolicy=""origin-when-cross-origin"" src=""https://static.xx.fbcdn.net/images/emoji.php/v9/t51/1/16/2714.png""></span>â€¦ <div class=""x1i10hfl xjbqb8w x1ejq31n xd10rxx x1sy0etr x17r0tee x972fbf xcfux6l x1qhh985 xm0m39n x9f619 x1ypdohk xt0psk2 xe8uvvx xdj266r x11i5rnm xat24cr x1mh8g0r xexx8yu x4uap5 x18d9i69 xkhd6sd x16tdsg8 x1hl2dhg xggy1nq x1a2a7pz x1sur9pj xkrqix3 xzsf02u x1s688f"" role=""button"" tabindex=""0"">See more</div></div></div></span></div></div></div>",9 May at 14:00,19,1,https://scontent.fhan18-1.fna.fbcdn.net/v/t15.5256-10/441572705_428717720103393_5362362599693833653_n.jpg?stp=dst-jpg_s960x960&_nc_cat=104&ccb=1-7&_nc_sid=5f2048&_nc_ohc=kDI3RxIfz0QQ7kNvgG0ZHo1&_nc_ht=scontent.fhan18-1.fna&oh=00_AYDUq51aMduDK_fe_-lghLHrOPLkFlcsWLE018ZXmeUrog&oe=664BBD60
1,"<div aria-label=""Change Position"" aria-orientation=""horizontal"" aria-valuemax=""129.8"" aria-valuemin=""0"" aria-valuenow=""0"" class=""x1ypdohk x1y1aw1k x4uap5 xwib8y2 xkhd6sd x1n2onr6 x87ps6o xh8yej3"" role=""slider"" tabindex=""0""><div class=""x1rwy58d xm3z3ea x1x8b98j x131883w x16mih1h xpdb0fs xuoj239 xd9u3wd x87ps6o""><div class=""xuoj239 x10l6tqk x17j41np"" data-visualcompletion=""ignore"" style=""width: 13.889%;""></div><div class=""x1evw4sf xm3z3ea x1x8b98j x131883w x16mih1h xuoj239 x10l6tqk x87ps6o"" data-visualcompletion=""ignore"" style=""width: 0%;""><div class=""x14hiurz x1g7gg9k xenha5r x1eoefnw x124h113 x14yjl9h xudhj91 x18nykt9 xww2gxu x13fuv20 xu3j5b3 x1q0q8m5 x26u7qi xamhcws xol2nv xlxy82 x19p7ews x1nqv1ya x1s85apg xdk7pt x1x862rh x1rdy4ex x10l6tqk x3m8u43 x1xc55vz x1vjfegm""></div></div></div></div>",8 May at 15:42,42,2,https://scontent.fhan18-1.fna.fbcdn.net/v/t39.30808-6/440383763_749549184040395_4562035645030221279_n.jpg?stp=dst-jpg_p526x296&_nc_cat=104&ccb=1-7&_nc_sid=5f2048&_nc_ohc=706mNmBWZskQ7kNvgFCUVd5&_nc_ht=scontent.fhan18-1.fna&oh=00_AYB0O3wWn7CC9XVAIa0UmkEDw2mTmiiMq1QEwfTm6NlLBg&oe=664BB9E8
2,"<div class=""x1iorvi4 x1pi30zi x1l90r2v x1swvt13"" data-ad-comet-preview=""message"" data-ad-preview=""message"" id="":r2p:""><div class=""x78zum5 xdt5ytf xz62fqu x16ldp7u""><div class=""xu06os2 x1ok221b""><span class=""x193iq5w xeuugli x13faqbe x1vvkbs x1xmvt09 x1lliihq x1s928wv xhkezso x1gmr53x x1cpjm7i x1fgarty x1943h6x xudqn12 x3x7a5m x6prxxf xvq8zen xo1l8bm xzsf02u x1yc453h"" dir=""auto""><div class=""xdj266r x11i5rnm xat24cr x1mh8g0r x1vvkbs x126k92a""><div dir=""auto"" style=""text-align: start;""><span class=""x3nfvp2 x1j61x8r x1fcty0u xdj266r xhhsvwb xat24cr xgzva0m xxymvpz xlup9mm x1kky2od""><img height=""16"" width=""16"" alt=""ğŸ—"" class=""xz74otr"" referrerpolicy=""origin-when-cross-origin"" src=""https://static.xx.fbcdn.net/images/emoji.php/v9/tad/1/16/1f357.png""></span> GÃ€ XÃ€O CECE' - Báº¢NH NÃ€O CÅ¨NG MÃŠEEEE!</div><div dir=""auto"" style=""text-align: start;""><span class=""x3nfvp2 x1j61x8r x1fcty0u xdj266r xhhsvwb xat24cr xgzva0m xxymvpz xlup9mm x1kky2od""><img height=""16"" width=""16"" alt=""ğŸ§©"" class=""xz74otr"" referrerpolicy=""origin-when-cross-origin"" src=""https://static.xx.fbcdn.net/images/emoji.php/v9/t5/1/16/1f9e9.png""></span> Máº£nh ghÃ©p cá»§a chÃ­nh mÃ¬nh thÃ¬ chÆ°a tháº¥y nhÆ°ng máº£nh ghÃ©p Ä‘á»ƒ táº¡o nÃªn mÃ³n GÃ  XÃ o PhÃ´ Mai háº¥p dáº«n tá»« Cece' Box thÃ¬ á»Ÿ ngay Ä‘Ã¢y! </div></div><div class=""x11i5rnm xat24cr x1mh8g0r x1vvkbs xtlvy1s x126k92a""><div dir=""auto"" style=""text-align: start;""><span class=""x3nfvp2 x1j61x8r x1fcty0u xdj266r xhhsvwb xat24cr xgzva0m xxymvpz xlup9mm x1kky2od""><img height=""16"" width=""16"" alt=""ğŸŒŸ"" class=""xz74otr"" referrerpolicy=""origin-when-cross-origin"" src=""https://static.xx.fbcdn.net/images/emoji.php/v9/te0/1/16/1f31f.png""></span> PhÃ´ mai Mozzarella bÃ©o ngáº­y, dáº»o dai bao trá»n tá»«ng miáº¿ng gÃ  má»m áº©m, tháº¥m Ä‘áº«m vá»‹ sá»‘t cay ngá»t. GÃ  xÃ o thÆ¡m lá»«ng Ä‘áº·c trÆ°ng cÃ¹ng tokbokki dai dai sáº½ khiáº¿n báº¡n nhÆ° Ä‘áº¯m chÃ¬m trong hÆ°Æ¡ng vá»‹ signature cá»§a Cece' Box! </div></div><div class=""x11i5rnm xat24cr x1mh8g0r x1vvkbs xtlvy1s x126k92a""><div dir=""auto"" style=""text-align: start;"">CÃ¡â€¦ <div class=""x1i10hfl xjbqb8w x1ejq31n xd10rxx x1sy0etr x17r0tee x972fbf xcfux6l x1qhh985 xm0m39n x9f619 x1ypdohk xt0psk2 xe8uvvx xdj266r x11i5rnm xat24cr x1mh8g0r xexx8yu x4uap5 x18d9i69 xkhd6sd x16tdsg8 x1hl2dhg xggy1nq x1a2a7pz x1sur9pj xkrqix3 xzsf02u x1s688f"" role=""button"" tabindex=""0"">See more</div></div></div></span></div></div></div>",7 May at 10:43,4,0,https://scontent.fhan18-1.fna.fbcdn.net/v/t39.30808-6/440353211_748833050778675_2634674739786082407_n.jpg?stp=dst-jpg_p600x600&_nc_cat=108&ccb=1-7&_nc_sid=5f2048&_nc_ohc=1QcIGsmtduMQ7kNvgEeAMpp&_nc_ht=scontent.fhan18-1.fna&oh=00_AYDNHuK_EGA-yoxNwNurqyZQKXc-rLduVep5d4bNelOLrg&oe=664BCA6A | https://scontent.fhan18-1.fna.fbcdn.net/v/t39.30808-6/440429985_748833054112008_8658263473606967357_n.jpg?stp=dst-jpg_p600x600&_nc_cat=110&ccb=1-7&_nc_sid=5f2048&_nc_ohc=iYWfFwGTiD0Q7kNvgGnh1n0&_nc_ht=scontent.fhan18-1.fna&oh=00_AYBaYL9b-EIF1DkIr6bTNcjHyn5tDkeNJUZyk6xv2PdpMQ&oe=664BC911 | https://scontent.fhan18-1.fna.fbcdn.net/v/t39.30808-6/426094109_748833047445342_6574271643093991571_n.jpg?stp=dst-jpg_p600x600&_nc_cat=100&ccb=1-7&_nc_sid=5f2048&_nc_ohc=6P3yRAJkGCsQ7kNvgF9xnBL&_nc_ht=scontent.fhan18-1.fna&oh=00_AYDf5ZTSGAPRzFHC5LMMZYVq---WNviWXRs1RCBdTgC3Ag&oe=664BAF3F | https://scontent.fhan18-1.fna.fbcdn.net/v/t39.30808-6/441250677_748833110778669_7595783596731342124_n.jpg?stp=dst-jpg_p600x600&_nc_cat=100&ccb=1-7&_nc_sid=5f2048&_nc_ohc=Bgup_kTmZVcQ7kNvgFFeMqC&_nc_ht=scontent.fhan18-1.fna&oh=00_AYBenu6PmCTGDp8CooA7aZkxF6MNY81gwMu4XcCalQQU5A&oe=664BAFDF
3,"<div class=""x1iorvi4 x1pi30zi x1l90r2v x1swvt13"" data-ad-comet-preview=""message"" data-ad-preview=""message"" id="":r3r:""><div class=""x78zum5 xdt5ytf xz62fqu x16ldp7u""><div class=""xu06os2 x1ok221b""><span class=""x193iq5w xeuugli x13faqbe x1vvkbs x1xmvt09 x1lliihq x1s928wv xhkezso x1gmr53x x1cpjm7i x1fgarty x1943h6x xudqn12 x3x7a5m x6prxxf xvq8zen xo1l8bm xzsf02u x1yc453h"" dir=""auto""><div class=""xdj266r x11i5rnm xat24cr x1mh8g0r x1vvkbs x126k92a""><div dir=""auto"" style=""text-align: start;""><span class=""x3nfvp2 x1j61x8r x1fcty0u xdj266r xhhsvwb xat24cr xgzva0m xxymvpz xlup9mm x1kky2od""><img height=""16"" width=""16"" alt=""ğŸ’“"" class=""xz74otr"" referrerpolicy=""origin-when-cross-origin"" src=""https://static.xx.fbcdn.net/images/emoji.php/v9/t66/1/16/1f493.png""></span>  NGOAN XINH IU Æ I - SINH NHáº¬T NÃ€Y Ä‚N GÃŒ?</div><div dir=""auto"" style=""text-align: start;"">KHÃM PHÃ TIá»†M GÃ€ RÃN QUEN Máº¶T DÃ‚N PHÃO ÄÃ€I LÃNG Tá»ª CECEâ€™ BOX</div></div><div class=""x11i5rnm xat24cr x1mh8g0r x1vvkbs xtlvy1s x126k92a""><div dir=""auto"" style=""text-align: start;"">CÃ¹ng theo chÃ¢n Tiktoker Cocovie, cÅ©ng lÃ  má»™t vá»‹ khÃ¡ch cá»±c ká»³ quen thuá»™c táº¡i Ceceâ€™ Box phÃ¡ Ä‘áº£o menu tá»« gÃ  rÃ¡n giÃ²n rá»¥m, salad tÆ°Æ¡i ngon, cheeseball kÃ©o dÃ i, gÃ  xÃ o phÃ´ mai trong khÃ´ng gian cá»±c chill - CeCeâ€™ Box Ä‘áº£m báº£o lÃ  tá»¥ Ä‘iá»ƒm Äƒn uá»‘ng siÃªu â€œcháº¥tâ€ cho má»i buá»•i háº¹n hÃ², sinh nháº­t hay tiá»‡c tÃ¹ng theo â€œÄ‘áº¡oâ€ gÃ  rÃ¡n.â€¦ <div class=""x1i10hfl xjbqb8w x1ejq31n xd10rxx x1sy0etr x17r0tee x972fbf xcfux6l x1qhh985 xm0m39n x9f619 x1ypdohk xt0psk2 xe8uvvx xdj266r x11i5rnm xat24cr x1mh8g0r xexx8yu x4uap5 x18d9i69 xkhd6sd x16tdsg8 x1hl2dhg xggy1nq x1a2a7pz x1sur9pj xkrqix3 xzsf02u x1s688f"" role=""button"" tabindex=""0"">See more</div></div></div></span></div></div></div>",5 May at 12:46,55,2,https://scontent.fhan18-1.fna.fbcdn.net/v/t15.5256-10/435548625_441881188430591_782540870259899044_n.jpg?stp=dst-jpg_s960x960&_nc_cat=103&ccb=1-7&_nc_sid=5f2048&_nc_ohc=evEhINRLJGUQ7kNvgHABbqc&_nc_ht=scontent.fhan18-1.fna&oh=00_AYBSAXPPeFA6bXv8HMrfkxjIDZ88fLx8h61azN9-0Qh-rw&oe=664BB506
4,"<div class=""x1iorvi4 x1pi30zi x1l90r2v x1swvt13"" data-ad-comet-preview=""message"" data-ad-preview=""message"" id="":r4k:""><div class=""x78zum5 xdt5ytf xz62fqu x16ldp7u""><div class=""xu06os2 x1ok221b""><span class=""x193iq5w xeuugli x13faqbe x1vvkbs x1xmvt09 x1lliihq x1s928wv xhkezso x1gmr53x x1cpjm7i x1fgarty x1943h6x xudqn12 x3x7a5m x6prxxf xvq8zen xo1l8bm xzsf02u x1yc453h"" dir=""auto""><div class=""xdj266r x11i5rnm xat24cr x1mh8g0r x1vvkbs x126k92a""><div dir=""auto"" style=""text-align: start;""><span class=""x3nfvp2 x1j61x8r x1fcty0u xdj266r xhhsvwb xat24cr xgzva0m xxymvpz xlup9mm x1kky2od""><img height=""16"" width=""16"" alt=""ğŸ’Œ"" class=""xz74otr"" referrerpolicy=""origin-when-cross-origin"" src=""https://static.xx.fbcdn.net/images/emoji.php/v9/tf7/1/16/1f48c.png""></span> TÃ¬m kiáº¿m Ä‘á»™ng lá»±c ngÃ y trá»Ÿ láº¡i sau nghá»‰ lá»… cÃ¹ng Ceceâ€™ Box</div></div><div class=""x11i5rnm xat24cr x1mh8g0r x1vvkbs xtlvy1s x126k92a""><div dir=""auto"" style=""text-align: start;"">Liá»‡u cÃ¡c friend iu cÃ³ Ä‘ang lÆ°u luyáº¿n nhá»¯ng phÃºt giÃ¢y nghá»‰ lá»… dÃ i ngÃ y? </div><div dir=""auto"" style=""text-align: start;"">Váº­y hÃ£y Ä‘á»ƒ Ceceâ€™ Box giÃºp báº¡n iu tÃ¬m kiáº¿m Ä‘á»™ng lá»±c báº±ng mÃ³n gÃ  sá»‘t cay vÃ  cheese ball ngay nhÃ©!!!â€¦ <div class=""x1i10hfl xjbqb8w x1ejq31n xd10rxx x1sy0etr x17r0tee x972fbf xcfux6l x1qhh985 xm0m39n x9f619 x1ypdohk xt0psk2 xe8uvvx xdj266r x11i5rnm xat24cr x1mh8g0r xexx8yu x4uap5 x18d9i69 xkhd6sd x16tdsg8 x1hl2dhg xggy1nq x1a2a7pz x1sur9pj xkrqix3 xzsf02u x1s688f"" role=""button"" tabindex=""0"">See more</div></div></div></span></div></div></div>",4 May at 10:45,10,1,https://scontent.fhan18-1.fna.fbcdn.net/v/t39.30808-6/440178289_746977767630870_5333305217190095402_n.jpg?stp=dst-jpg_s640x640&_nc_cat=110&ccb=1-7&_nc_sid=5f2048&_nc_ohc=VBrZ5nBEJfIQ7kNvgHytvYn&_nc_ht=scontent.fhan18-1.fna&oh=00_AYDoXpPTxl_XV4AJZYCijJuszOpwW8IB28kPeul7K7btig&oe=664BCAF1
5,"<div class=""x1iorvi4 x1pi30zi x1l90r2v x1swvt13"" data-ad-comet-preview=""message"" data-ad-preview=""message"" id="":r50:""><div class=""x78zum5 xdt5ytf xz62fqu x16ldp7u""><div class=""xu06os2 x1ok221b""><span class=""x193iq5w xeuugli x13faqbe x1vvkbs x1xmvt09 x1lliihq x1s928wv xhkezso x1gmr53x x1cpjm7i x1fgarty x1943h6x xudqn12 x3x7a5m x6prxxf xvq8zen xo1l8bm xzsf02u x1yc453h"" dir=""auto""><div class=""xdj266r x11i5rnm xat24cr x1mh8g0r x1vvkbs x126k92a""><div dir=""auto"" style=""text-align: start;"">[Káº¿t quáº£ Minigame]</div><div dir=""auto"" style=""text-align: start;""><span class=""x3nfvp2 x1j61x8r x1fcty0u xdj266r xhhsvwb xat24cr xgzva0m xxymvpz xlup9mm x1kky2od""><img height=""16"" width=""16"" alt=""âœ¨"" class=""xz74otr"" referrerpolicy=""origin-when-cross-origin"" src=""https://static.xx.fbcdn.net/images/emoji.php/v9/tf4/1/16/2728.png""></span> ğ˜¾ğ™€ğ˜¾ğ™€' ğ™’ğ˜¼ğ™‰ğ™ğ™ ğ™”ğ™ğ™ˆğ™ˆğ™” ğ˜¾ğ™ƒğ™„ğ˜¾ğ™†ğ™€ğ™‰ <span class=""x3nfvp2 x1j61x8r x1fcty0u xdj266r xhhsvwb xat24cr xgzva0m xxymvpz xlup9mm x1kky2od""><img height=""16"" width=""16"" alt=""âœ¨"" class=""xz74otr"" referrerpolicy=""origin-when-cross-origin"" src=""https://static.xx.fbcdn.net/images/emoji.php/v9/tf4/1/16/2728.png""></span></div></div><div class=""x11i5rnm xat24cr x1mh8g0r x1vvkbs xtlvy1s x126k92a""><div dir=""auto"" style=""text-align: start;""> <span class=""x3nfvp2 x1j61x8r x1fcty0u xdj266r xhhsvwb xat24cr xgzva0m xxymvpz xlup9mm x1kky2od""><img height=""16"" width=""16"" alt=""ğŸ¥"" class=""xz74otr"" referrerpolicy=""origin-when-cross-origin"" src=""https://static.xx.fbcdn.net/images/emoji.php/v9/t8e/1/16/1f941.png""></span> KhÃ©p láº¡i ThÃ¡ng 4 vá»›i má»™t ká»³ nghá»‰ tháº­t trá»n váº¹n, hÃ£y cÃ¹ng Cece' Box ""á»¥p crown"" cho nhá»¯ng friend iu may máº¯n nháº¥t trong Cuá»™c Ä‘ua ğ˜¾ğ™€ğ˜¾ğ™€' ğ™’ğ˜¼ğ™‰ğ™ğ™ ğ™”ğ™ğ™ˆğ™ˆğ™” ğ˜¾ğ™ƒğ™„ğ˜¾ğ™†ğ™€ğ™‰ nhÃ©!</div></div><div class=""x11i5rnm xat24cr x1mh8g0r x1vvkbs xtlvy1s x126k92a""><div dir=""auto"" style=""text-align: start;""><span class=""x3nfvp2 x1j61x8r x1fcty0u xdj266r xhhsvwb xat24cr xgzva0m xxymvpz xlup9mm x1kky2od""><img height=""16"" width=""16"" alt=""ğŸ‰"" class=""xz74otr"" referrerpolicy=""origin-when-cross-origin"" src=""https://static.xx.fbcdn.net/images/emoji.php/v9/t8c/1/16/1f389.png""></span><span class=""x3nfvp2 x1j61x8r x1fcty0u xdj266r xhhsvwb xat24cr xgzva0m xxymvpz xlup9mm x1kky2od""><img height=""16"" width=""16"" alt=""ğŸ‰"" class=""xz74otr"" referrerpolicy=""origin-when-cross-origin"" src=""https://static.xx.fbcdn.net/images/emoji.php/v9/t8c/1/16/1f389.png""></span> Cece xin chÃºc má»«ng cÃ¡c báº¡n cÃ³ comment dâ€¦ <div class=""x1i10hfl xjbqb8w x1ejq31n xd10rxx x1sy0etr x17r0tee x972fbf xcfux6l x1qhh985 xm0m39n x9f619 x1ypdohk xt0psk2 xe8uvvx xdj266r x11i5rnm xat24cr x1mh8g0r xexx8yu x4uap5 x18d9i69 xkhd6sd x16tdsg8 x1hl2dhg xggy1nq x1a2a7pz x1sur9pj xkrqix3 xzsf02u x1s688f"" role=""button"" tabindex=""0"">See more</div></div></div></span></div></div></div>",2 May at 20:16,13,1,https://scontent.fhan18-1.fna.fbcdn.net/v/t39.30808-6/440190143_746024561059524_8123142587009765012_n.jpg?stp=dst-jpg_s640x640&_nc_cat=102&ccb=1-7&_nc_sid=5f2048&_nc_ohc=Zg9ZLLz4W4kQ7kNvgGwAK33&_nc_ht=scontent.fhan18-1.fna&oh=00_AYApmd-2z6CYnCUitsBehENOVvJzvEw_eEZdr5UR9d0ywQ&oe=664BB851
6,"<div class=""x1iorvi4 x1pi30zi x1l90r2v x1swvt13"" data-ad-comet-preview=""message"" data-ad-preview=""message"" id="":r5e:""><div class=""x78zum5 xdt5ytf xz62fqu x16ldp7u""><div class=""xu06os2 x1ok221b""><span class=""x193iq5w xeuugli x13faqbe x1vvkbs x1xmvt09 x1lliihq x1s928wv xhkezso x1gmr53x x1cpjm7i x1fgarty x1943h6x xudqn12 x3x7a5m x6prxxf xvq8zen xo1l8bm xzsf02u x1yc453h"" dir=""auto""><div class=""xdj266r x11i5rnm xat24cr x1mh8g0r x1vvkbs x126k92a""><div dir=""auto"" style=""text-align: start;""><span class=""x3nfvp2 x1j61x8r x1fcty0u xdj266r xhhsvwb xat24cr xgzva0m xxymvpz xlup9mm x1kky2od""><img height=""16"" width=""16"" alt=""âœ¨"" class=""xz74otr"" referrerpolicy=""origin-when-cross-origin"" src=""https://static.xx.fbcdn.net/images/emoji.php/v9/tf4/1/16/2728.png""></span> Menu cho cÃ¡c ""tráº¡ch nam &amp; tráº¡ch ná»¯"" mÃ¹a lá»… há»™i chá»‰ muá»‘n náº±m nhÃ </div></div><div class=""x11i5rnm xat24cr x1mh8g0r x1vvkbs xtlvy1s x126k92a""><div dir=""auto"" style=""text-align: start;"">Ká»³ nghá»‰ lá»… siÃªu dÃ i sáº¯p Ä‘áº¿n, cÃ¡c friend iu cá»§a nhÃ  Ceceâ€™ Box Ä‘Ã£ sáºµn sÃ ng ""bung lá»¥a"" vá»›i bá»¯a tiá»‡c gÃ  rÃ¡n táº¡i gia siÃªu ngon, chá»‰ cáº§n alo lÃ  ship ngay táº­n giÆ°á»ng chÆ°a? </div></div><div class=""x11i5rnm xat24cr x1mh8g0r x1vvkbs xtlvy1s x126k92a""><div dir=""auto"" style=""text-align: start;"">HÃ£y Ä‘á»ƒ Ceceâ€™ Box gá»£i Ã½ menu ""gÃ  rÃ¡n Ä‘á»‰nh cao"" tá»« trÆ°a tá»›i tá»‘i, dÃ nh cho há»™i ""gÃ  cÆ°ng"" Ä‘Ã¢y:â€¦ <div class=""x1i10hfl xjbqb8w x1ejq31n xd10rxx x1sy0etr x17r0tee x972fbf xcfux6l x1qhh985 xm0m39n x9f619 x1ypdohk xt0psk2 xe8uvvx xdj266r x11i5rnm xat24cr x1mh8g0r xexx8yu x4uap5 x18d9i69 xkhd6sd x16tdsg8 x1hl2dhg xggy1nq x1a2a7pz x1sur9pj xkrqix3 xzsf02u x1s688f"" role=""button"" tabindex=""0"">See more</div></div></div></span></div></div></div>",2 May at 14:38,7,0,https://scontent.fhan18-1.fna.fbcdn.net/v/t39.30808-6/440223650_745879601074020_4106166797212655058_n.jpg?stp=dst-jpg_p526x296&_nc_cat=102&ccb=1-7&_nc_sid=5f2048&_nc_ohc=XCa_fVtm_x8Q7kNvgE3RfPe&_nc_ht=scontent.fhan18-1.fna&oh=00_AYARt3TFaC8OyyaRu-cHcp5a3nhYIISEGgUSI8oQNPNPDw&oe=664BD6B0
7,"<div class=""x1iorvi4 x1pi30zi x1l90r2v x1swvt13"" data-ad-comet-preview=""message"" data-ad-preview=""message"" id="":r5q:""><div class=""x78zum5 xdt5ytf xz62fqu x16ldp7u""><div class=""xu06os2 x1ok221b""><span class=""x193iq5w xeuugli x13faqbe x1vvkbs x1xmvt09 x1lliihq x1s928wv xhkezso x1gmr53x x1cpjm7i x1fgarty x1943h6x xudqn12 x3x7a5m x6prxxf xvq8zen xo1l8bm xzsf02u x1yc453h"" dir=""auto""><div class=""xdj266r x11i5rnm xat24cr x1mh8g0r x1vvkbs x126k92a""><div dir=""auto"" style=""text-align: start;""><span class=""x3nfvp2 x1j61x8r x1fcty0u xdj266r xhhsvwb xat24cr xgzva0m xxymvpz xlup9mm x1kky2od""><img height=""16"" width=""16"" alt=""ğŸ˜š"" class=""xz74otr"" referrerpolicy=""origin-when-cross-origin"" src=""https://static.xx.fbcdn.net/images/emoji.php/v9/t1e/1/16/1f61a.png""></span> ÄIá»‚M DANH FAN GÃ€ NÆ¯á»šNG VÃ€ GÃ€ RÃN </div></div><div class=""x11i5rnm xat24cr x1mh8g0r x1vvkbs xtlvy1s x126k92a""><div dir=""auto"" style=""text-align: start;"">Ai báº£o gia trÆ°á»Ÿng má»›i lo Ä‘Æ°á»£c cho friend iu, khi mÃ  Ceceâ€™ Box vá»«a yÃªu chiá»u, vá»«a lo cho em má»i bá»¯a Äƒn tá»« A - Z mÃ  khÃ´ng phÃ n nÃ n, kÃªu than ná»­a lá»i. </div></div><div class=""x11i5rnm xat24cr x1mh8g0r x1vvkbs xtlvy1s x126k92a""><div dir=""auto"" style=""text-align: start;"">DÃ¹ lÃ  fan cá»§a gÃ  nÆ°á»›ng thÆ¡m má»m, má»ng nÆ°á»›c hay gÃ  rÃ¡n giÃ²n ngon, háº¥p dáº«n thÃ¬ nhÃ  Cece Ä‘á»u lo háº¿t cho cá»¥c cÆ°ng, miá»…n friend iu hÃ i lÃ²ng. â€¦ <div class=""x1i10hfl xjbqb8w x1ejq31n xd10rxx x1sy0etr x17r0tee x972fbf xcfux6l x1qhh985 xm0m39n x9f619 x1ypdohk xt0psk2 xe8uvvx xdj266r x11i5rnm xat24cr x1mh8g0r xexx8yu x4uap5 x18d9i69 xkhd6sd x16tdsg8 x1hl2dhg xggy1nq x1a2a7pz x1sur9pj xkrqix3 xzsf02u x1s688f"" role=""button"" tabindex=""0"">See more</div></div></div></span></div></div></div>",2 May at 10:05,8,0,https://scontent.fhan18-1.fna.fbcdn.net/v/t39.30808-6/440423857_745758601086120_1734902457177915983_n.jpg?stp=dst-jpg_p526x296&_nc_cat=106&ccb=1-7&_nc_sid=5f2048&_nc_ohc=g9XzLZfheS4Q7kNvgGlHuAz&_nc_ht=scontent.fhan18-1.fna&oh=00_AYAFbwQdFjOcTEXgBGFnT5N96WwLzT7OlRTYHHiYM1kOyw&oe=664BB425
8,"<div class=""x1iorvi4 x1pi30zi x1l90r2v x1swvt13"" data-ad-comet-preview=""message"" data-ad-preview=""message"" id="":r66:""><div class=""x78zum5 xdt5ytf xz62fqu x16ldp7u""><div class=""xu06os2 x1ok221b""><span class=""x193iq5w xeuugli x13faqbe x1vvkbs x1xmvt09 x1lliihq x1s928wv xhkezso x1gmr53x x1cpjm7i x1fgarty x1943h6x xudqn12 x3x7a5m x6prxxf xvq8zen xo1l8bm xzsf02u x1yc453h"" dir=""auto""><div class=""xdj266r x11i5rnm xat24cr x1mh8g0r x1vvkbs x126k92a""><div dir=""auto"" style=""text-align: start;""><span class=""x3nfvp2 x1j61x8r x1fcty0u xdj266r xhhsvwb xat24cr xgzva0m xxymvpz xlup9mm x1kky2od""><img height=""16"" width=""16"" alt=""ğŸ‡»ğŸ‡³"" class=""xz74otr"" referrerpolicy=""origin-when-cross-origin"" src=""https://static.xx.fbcdn.net/images/emoji.php/v9/tcf/1/16/1f1fb_1f1f3.png""></span> CHÃ€O Má»ªNG Äáº I Lá»„ GIáº¢I PHÃ“NG MIá»€N NAM 30/4 VÃ€ QUá»C Táº¾ LAO Äá»˜NG 1/5ï¸ </div></div><div class=""x11i5rnm xat24cr x1mh8g0r x1vvkbs xtlvy1s x126k92a""><div dir=""auto"" style=""text-align: start;""><span class=""x3nfvp2 x1j61x8r x1fcty0u xdj266r xhhsvwb xat24cr xgzva0m xxymvpz xlup9mm x1kky2od""><img height=""16"" width=""16"" alt=""âœ¨"" class=""xz74otr"" referrerpolicy=""origin-when-cross-origin"" src=""https://static.xx.fbcdn.net/images/emoji.php/v9/tf4/1/16/2728.png""></span> ChÃ o má»«ng ká»· niá»‡m 49 nÄƒm NgÃ y Giáº£i PhÃ³ng Miá»n Nam thá»‘ng nháº¥t Ä‘áº¥t nÆ°á»›c. (30/4/1975 - 30/4/2024) vÃ  ngÃ y Quá»‘c Táº¿ Lao Äá»™ng 1/5. ÄÃ¢y lÃ  ngÃ y mÃ  Ä‘áº¿ quá»‘c Má»¹ vÃ  chÃ­nh quyá»n SÃ i GÃ²n sá»¥p Ä‘á»• hoÃ n toÃ n, lÃ  ngÃ y non sÃ´ng thu vá» má»™t má»‘i, lÃ  ngÃ y dÃ¢n tá»™c ta bÆ°á»›c sang ká»· nguyÃªn má»›i, ká»· nguyÃªn Ä‘á»™c láº­p, thá»‘ng nháº¥t vÃ  tá»± do.</div></div><div class=""x11i5rnm xat24cr x1mh8g0r x1vvkbs xtlvy1s x126k92a""><div dir=""auto"" style=""text-align: start;"">NhÃ¢n dá»‹p ká»· niá»‡m cÅ©ng nhÆ° hÃ²a cÃ¹ng báº§u khÃ´ng khÃ­ nÃ¡o nhiá»‡t, hÃ¢n hoan cá»§a Ä‘á»“ng bÃ o trÃªn má»i miá»n â€¦ <div class=""x1i10hfl xjbqb8w x1ejq31n xd10rxx x1sy0etr x17r0tee x972fbf xcfux6l x1qhh985 xm0m39n x9f619 x1ypdohk xt0psk2 xe8uvvx xdj266r x11i5rnm xat24cr x1mh8g0r xexx8yu x4uap5 x18d9i69 xkhd6sd x16tdsg8 x1hl2dhg xggy1nq x1a2a7pz x1sur9pj xkrqix3 xzsf02u x1s688f"" role=""button"" tabindex=""0"">See more</div></div></div></span></div></div></div>",1 May at 09:08,4,0,https://scontent.fhan18-1.fna.fbcdn.net/v/t39.30808-6/440011361_745110504484263_3094872521122827819_n.jpg?stp=dst-jpg_s640x640&_nc_cat=102&ccb=1-7&_nc_sid=5f2048&_nc_ohc=p6jiS3OF3IIQ7kNvgEn0f9Y&_nc_ht=scontent.fhan18-1.fna&oh=00_AYCgaA2ZNB9nXntUJHLYmHswQVFDs4Fzzf6Y80A0YaOZzg&oe=664BBE28
9,"<div class=""x1iorvi4 x1pi30zi x1l90r2v x1swvt13"" data-ad-comet-preview=""message"" data-ad-preview=""message"" id="":r6k:""><div class=""x78zum5 xdt5ytf xz62fqu x16ldp7u""><div class=""xu06os2 x1ok221b""><span class=""x193iq5w xeuugli x13faqbe x1vvkbs x1xmvt09 x1lliihq x1s928wv xhkezso x1gmr53x x1cpjm7i x1fgarty x1943h6x xudqn12 x3x7a5m x6prxxf xvq8zen xo1l8bm xzsf02u x1yc453h"" dir=""auto""><div class=""xdj266r x11i5rnm xat24cr x1mh8g0r x1vvkbs x126k92a""><div dir=""auto"" style=""text-align: start;"">THÃ”NG BÃO CECE'BOX Má» Cá»¬A XUYÃŠN Äáº I Lá»„ 30.04 - 01.05 </div></div><div class=""x11i5rnm xat24cr x1mh8g0r x1vvkbs xtlvy1s x126k92a""><div dir=""auto"" style=""text-align: start;"">ÄÃ³n ká»³ nghá»‰ lá»… 30.04 - 01.05 tháº­t vui bÃªn nhá»¯ng mÃ³n gÃ  tháº­t ngon lÃ nh vá»›i Cece' Box vÃ¬ chÃºng mÃ¬nh sáº½ Má» Cá»¬A XUYÃŠN Lá»„ Ä‘á»ƒ phá»¥c vá»¥ táº¥t cáº£ cÃ¡c báº¡n! </div></div><div class=""x11i5rnm xat24cr x1mh8g0r x1vvkbs xtlvy1s x126k92a""><div dir=""auto"" style=""text-align: start;"">NhÃ¢n dá»‹p Äáº¡i lá»…, Cece' Box chÃºc cÃ¡c báº¡n cÃ³ má»™t ká»³ nghá»‰ lá»… tháº­t trá»n váº¹n bÃªn báº¡n bÃ¨, gia Ä‘Ã¬nh vÃ  nhá»¯ng ngÆ°á»i thÃ¢n yÃªu! Äá»«ng quÃªn lÃªn háº¹n tá»¥ táº­p cÃ¹ng Cece'Box nha <span class=""x3nfvp2 x1j61x8r x1fcty0u xdj266r xhhsvwb xat24cr xgzva0m xxymvpz xlup9mm x1kky2od""><img height=""16"" width=""16"" alt=""ğŸ’—"" class=""xz74otr"" referrerpolicy=""origin-when-cross-origin"" src=""https://static.xx.fbcdn.net/images/emoji.php/v9/t6a/1/16/1f497.png""></span>â€¦ <div class=""x1i10hfl xjbqb8w x1ejq31n xd10rxx x1sy0etr x17r0tee x972fbf xcfux6l x1qhh985 xm0m39n x9f619 x1ypdohk xt0psk2 xe8uvvx xdj266r x11i5rnm xat24cr x1mh8g0r xexx8yu x4uap5 x18d9i69 xkhd6sd x16tdsg8 x1hl2dhg xggy1nq x1a2a7pz x1sur9pj xkrqix3 xzsf02u x1s688f"" role=""button"" tabindex=""0"">See more</div></div></div></span></div></div></div>",26 April at 18:30,8,0,https://scontent.fhan18-1.fna.fbcdn.net/v/t39.30808-6/440244590_742050351456945_5945182931295527244_n.jpg?stp=dst-jpg_p526x296&_nc_cat=105&ccb=1-7&_nc_sid=5f2048&_nc_ohc=C5j265C5llwQ7kNvgHushKY&_nc_ht=scontent.fhan18-1.fna&oh=00_AYB6NA-vNYvqhcz3JWyJIXPDRLeHG4Z5oc4PV7EpY5WtOw&oe=664BA1C7
10,"<div class=""x1iorvi4 x1pi30zi x1l90r2v x1swvt13"" data-ad-comet-preview=""message"" data-ad-preview=""message"" id="":r73:""><div class=""x78zum5 xdt5ytf xz62fqu x16ldp7u""><div class=""xu06os2 x1ok221b""><span class=""x193iq5w xeuugli x13faqbe x1vvkbs x1xmvt09 x1lliihq x1s928wv xhkezso x1gmr53x x1cpjm7i x1fgarty x1943h6x xudqn12 x3x7a5m x6prxxf xvq8zen xo1l8bm xzsf02u x1yc453h"" dir=""auto""><div class=""xdj266r x11i5rnm xat24cr x1mh8g0r x1vvkbs x126k92a""><div dir=""auto"" style=""text-align: start;""><span class=""x3nfvp2 x1j61x8r x1fcty0u xdj266r xhhsvwb xat24cr xgzva0m xxymvpz xlup9mm x1kky2od""><img height=""16"" width=""16"" alt=""âœ¨"" class=""xz74otr"" referrerpolicy=""origin-when-cross-origin"" src=""https://static.xx.fbcdn.net/images/emoji.php/v9/tf4/1/16/2728.png""></span> MINIGAME: CECE' WANTS YUMMY CHICKEN <span class=""x3nfvp2 x1j61x8r x1fcty0u xdj266r xhhsvwb xat24cr xgzva0m xxymvpz xlup9mm x1kky2od""><img height=""16"" width=""16"" alt=""âœ¨"" class=""xz74otr"" referrerpolicy=""origin-when-cross-origin"" src=""https://static.xx.fbcdn.net/images/emoji.php/v9/tf4/1/16/2728.png""></span></div></div><div class=""x11i5rnm xat24cr x1mh8g0r x1vvkbs xtlvy1s x126k92a""><div dir=""auto"" style=""text-align: start;"">ÄÃ³n chÃ o Ká»² NGHá»ˆ Äáº I Lá»„ tÆ°ng bá»«ng, Cece' Box â€œchÆ¡i lá»›nâ€ vá»›i Minigame â€œCECE' WANTS YUMMY CHICKENâ€! HÃ£y cÃ¹ng Cece' tÃ¬m Ä‘Æ°á»ng Ä‘áº¿n kho bÃ¡u gÃ  giá»n vÃ  rinh ngay pháº§n thÆ°á»Ÿng háº¥p dáº«n nhÃ©:</div></div><div class=""x11i5rnm xat24cr x1mh8g0r x1vvkbs xtlvy1s x126k92a""><div dir=""auto"" style=""text-align: start;""><span class=""x3nfvp2 x1j61x8r x1fcty0u xdj266r xhhsvwb xat24cr xgzva0m xxymvpz xlup9mm x1kky2od""><img height=""16"" width=""16"" alt=""ğŸ¥‡"" class=""xz74otr"" referrerpolicy=""origin-when-cross-origin"" src=""https://static.xx.fbcdn.net/images/emoji.php/v9/t94/1/16/1f947.png""></span> 01 Giáº£i Äáº¶C BIá»†T: Táº·ng 1 pháº§n gÃ  ná»­a con 2 sá»‘t miá»…n phÃ­ (Ãp dá»¥ng khi dÃ¹ng mÃ³n táº¡i cá»­a hÃ ng) â€¦ <div class=""x1i10hfl xjbqb8w x1ejq31n xd10rxx x1sy0etr x17r0tee x972fbf xcfux6l x1qhh985 xm0m39n x9f619 x1ypdohk xt0psk2 xe8uvvx xdj266r x11i5rnm xat24cr x1mh8g0r xexx8yu x4uap5 x18d9i69 xkhd6sd x16tdsg8 x1hl2dhg xggy1nq x1a2a7pz x1sur9pj xkrqix3 xzsf02u x1s688f"" role=""button"" tabindex=""0"">See more</div></div></div></span></div></div></div>",26 April at 09:07,97,10,https://scontent.fhan18-1.fna.fbcdn.net/v/t39.30808-6/439683336_742049628123684_6795281065621647327_n.jpg?stp=dst-jpg_s640x640&_nc_cat=105&ccb=1-7&_nc_sid=5f2048&_nc_ohc=y-PDYlmlu1MQ7kNvgG11VSj&_nc_ht=scontent.fhan18-1.fna&oh=00_AYAHklO7FqqfPChbeIPnV8xmNHXCYhk3SeCKR9TAy8t9MQ&oe=664BB7F5
11,"<div class=""x1iorvi4 x1pi30zi x1l90r2v x1swvt13"" data-ad-comet-preview=""message"" data-ad-preview=""message"" id="":r7l:""><div class=""x78zum5 xdt5ytf xz62fqu x16ldp7u""><div class=""xu06os2 x1ok221b""><span class=""x193iq5w xeuugli x13faqbe x1vvkbs x1xmvt09 x1lliihq x1s928wv xhkezso x1gmr53x x1cpjm7i x1fgarty x1943h6x xudqn12 x3x7a5m x6prxxf xvq8zen xo1l8bm xzsf02u x1yc453h"" dir=""auto""><div class=""xdj266r x11i5rnm xat24cr x1mh8g0r x1vvkbs x126k92a""><div dir=""auto"" style=""text-align: start;"">COMBO NO NÃŠ - SÃUL MATE CHO CHIáº¾C Bá»¤NG ÄÃ“I! </div></div><div class=""x11i5rnm xat24cr x1mh8g0r x1vvkbs xtlvy1s x126k92a""><div dir=""auto"" style=""text-align: start;""><span class=""x3nfvp2 x1j61x8r x1fcty0u xdj266r xhhsvwb xat24cr xgzva0m xxymvpz xlup9mm x1kky2od""><img height=""16"" width=""16"" alt=""ğŸ’"" class=""xz74otr"" referrerpolicy=""origin-when-cross-origin"" src=""https://static.xx.fbcdn.net/images/emoji.php/v9/t98/1/16/1f49e.png""></span> Life's too short - CÃ³ Combo HOT lÃ  mÃ¬nh pháº£i lá»±a ngay! </div><div dir=""auto"" style=""text-align: start;"">Chá»‰ tá»« 94k/ngÆ°á»i, combo dÃ nh cho 6 ngÆ°á»i SÃUL MATE sáº½ xoa dá»‹u chiáº¿c bá»¥ng Ä‘Ã³i cá»§a sÄ© tá»­ sau nhá»¯ng giá» Ã´n thi cÄƒng tháº³ng! </div><div dir=""auto"" style=""text-align: start;"">+ GÃ  nguyÃªn con kÃ¨m 4 sá»‘tâ€¦ <div class=""x1i10hfl xjbqb8w x1ejq31n xd10rxx x1sy0etr x17r0tee x972fbf xcfux6l x1qhh985 xm0m39n x9f619 x1ypdohk xt0psk2 xe8uvvx xdj266r x11i5rnm xat24cr x1mh8g0r xexx8yu x4uap5 x18d9i69 xkhd6sd x16tdsg8 x1hl2dhg xggy1nq x1a2a7pz x1sur9pj xkrqix3 xzsf02u x1s688f"" role=""button"" tabindex=""0"">See more</div></div></div></span></div></div></div>",24 April at 20:36,39,1,https://scontent.fhan18-1.fna.fbcdn.net/v/t39.30808-6/439336928_741125151549465_4357577921892632193_n.jpg?stp=dst-jpg_p526x296&_nc_cat=107&ccb=1-7&_nc_sid=5f2048&_nc_ohc=KWAeYld2ykMQ7kNvgHSEBRV&_nc_ht=scontent.fhan18-1.fna&oh=00_AYD-xOqHMe9uUGEgLPSQudUyHkrCBI0-BYaq8dwNH5tUrA&oe=664BA475
12,"<div class=""x1iorvi4 x1pi30zi x1l90r2v x1swvt13"" data-ad-comet-preview=""message"" data-ad-preview=""message"" id="":r83:""><div class=""x78zum5 xdt5ytf xz62fqu x16ldp7u""><div class=""xu06os2 x1ok221b""><span class=""x193iq5w xeuugli x13faqbe x1vvkbs x1xmvt09 x1lliihq x1s928wv xhkezso x1gmr53x x1cpjm7i x1fgarty x1943h6x xudqn12 x3x7a5m x6prxxf xvq8zen xo1l8bm xzsf02u x1yc453h"" dir=""auto""><div class=""xdj266r x11i5rnm xat24cr x1mh8g0r x1vvkbs x126k92a""><div dir=""auto"" style=""text-align: start;""><span class=""x3nfvp2 x1j61x8r x1fcty0u xdj266r xhhsvwb xat24cr xgzva0m xxymvpz xlup9mm x1kky2od""><img height=""16"" width=""16"" alt=""ğŸ¥°"" class=""xz74otr"" referrerpolicy=""origin-when-cross-origin"" src=""https://static.xx.fbcdn.net/images/emoji.php/v9/tea/1/16/1f970.png""></span>  COMBO FOR FIGHT - HOT COMBO FOR U22 </div><div dir=""auto"" style=""text-align: start;"">&gt;&gt;&gt; Only 450k ~ 90k/ngÆ°á»i (dÃ nh cho 4-5 báº¡n)</div></div><div class=""x11i5rnm xat24cr x1mh8g0r x1vvkbs xtlvy1s x126k92a""><div dir=""auto"" style=""text-align: start;"">Chá»n Ä‘Æ°á»£c Ä‘Ãºng ngÆ°á»i iu thÃ¬ khÃ³ </div><div dir=""auto"" style=""text-align: start;"">Chá»© Ä‘á»ƒ chá»n Ä‘Æ°á»£c combo tháº­t há»£p Ã½ thÃ¬ Ä‘Ã£ cÃ³ Cece' lo! â€¦ <div class=""x1i10hfl xjbqb8w x1ejq31n xd10rxx x1sy0etr x17r0tee x972fbf xcfux6l x1qhh985 xm0m39n x9f619 x1ypdohk xt0psk2 xe8uvvx xdj266r x11i5rnm xat24cr x1mh8g0r xexx8yu x4uap5 x18d9i69 xkhd6sd x16tdsg8 x1hl2dhg xggy1nq x1a2a7pz x1sur9pj xkrqix3 xzsf02u x1s688f"" role=""button"" tabindex=""0"">See more</div></div></div></span></div></div></div>",24 April at 15:29,24,2,https://scontent.fhan18-1.fna.fbcdn.net/v/t39.30808-6/439310633_740992388229408_6401998862175097826_n.jpg?stp=dst-jpg_p526x296&_nc_cat=107&ccb=1-7&_nc_sid=5f2048&_nc_ohc=CJZ8cab_lscQ7kNvgFzhAun&_nc_oc=Adg98PAyOOLpMPEOSzTRRBQtg6TgHbGydyIY3Riexp5TvP1l2QFfYrnWsMCp3SPK3fI&_nc_ht=scontent.fhan18-1.fna&oh=00_AYAn-EHVIdqjFHLZ36YhjNBWYwn5RwrrqTeMk176ChhMmA&oe=664BA0D8
13,"<div class=""x1iorvi4 x1pi30zi x1l90r2v x1swvt13"" data-ad-comet-preview=""message"" data-ad-preview=""message"" id="":r8h:""><div class=""x78zum5 xdt5ytf xz62fqu x16ldp7u""><div class=""xu06os2 x1ok221b""><span class=""x193iq5w xeuugli x13faqbe x1vvkbs x1xmvt09 x1lliihq x1s928wv xhkezso x1gmr53x x1cpjm7i x1fgarty x1943h6x xudqn12 x3x7a5m x6prxxf xvq8zen xo1l8bm xzsf02u x1yc453h"" dir=""auto""><div class=""xdj266r x11i5rnm xat24cr x1mh8g0r x1vvkbs x126k92a""><div dir=""auto"" style=""text-align: start;""><span class=""x3nfvp2 x1j61x8r x1fcty0u xdj266r xhhsvwb xat24cr xgzva0m xxymvpz xlup9mm x1kky2od""><img height=""16"" width=""16"" alt=""ğŸ‘­"" class=""xz74otr"" referrerpolicy=""origin-when-cross-origin"" src=""https://static.xx.fbcdn.net/images/emoji.php/v9/t3a/1/16/1f46d.png""></span> COMBO TWO TREE - ÄÃ”I Báº N CÃ™NG TIáº¾N</div></div><div class=""x11i5rnm xat24cr x1mh8g0r x1vvkbs xtlvy1s x126k92a""><div dir=""auto"" style=""text-align: start;"">Muá»‘n Ä‘i nhanh thÃ¬ Ä‘i má»™t mÃ¬nh, muá»‘n Ä‘i xa thÃ¬ Ä‘i HAI MÃŒNHHHH! DÃ nh cho 2-3 báº¡n thÆ°á»Ÿng thá»©c cÃ¹ng nhau, Combo TWO TREE háº¥p dáº«n dÆ°á»›i Ä‘Ã¢y sáº½ siÃªu phÃ¹ há»£p Ä‘á»ƒ há»™i báº¡n thÃ¢n ""boost"" nÄƒng lÆ°á»£ng sau giá» há»c! </div><div dir=""auto"" style=""text-align: start;"">+ GÃ  rÃ¡n ná»­a con kÃ¨m 2 sá»‘t</div><div dir=""auto"" style=""text-align: start;"">+ 3 ViÃªn cheese ballâ€¦ <div class=""x1i10hfl xjbqb8w x1ejq31n xd10rxx x1sy0etr x17r0tee x972fbf xcfux6l x1qhh985 xm0m39n x9f619 x1ypdohk xt0psk2 xe8uvvx xdj266r x11i5rnm xat24cr x1mh8g0r xexx8yu x4uap5 x18d9i69 xkhd6sd x16tdsg8 x1hl2dhg xggy1nq x1a2a7pz x1sur9pj xkrqix3 xzsf02u x1s688f"" role=""button"" tabindex=""0"">See more</div></div></div></span></div></div></div>",23 April at 11:20,302,30,https://scontent.fhan18-1.fna.fbcdn.net/v/t39.30808-6/437554893_740271844968129_4151185250503166185_n.jpg?stp=dst-jpg_p526x296&_nc_cat=105&ccb=1-7&_nc_sid=5f2048&_nc_ohc=iaovD4ezOrcQ7kNvgG7Thtl&_nc_ht=scontent.fhan18-1.fna&oh=00_AYDKuqo5n21U_aOvMo8YpxCRijshT8MRHIZx-zhJBwJPtg&oe=664BAE34
14,"<div class=""x1iorvi4 x1pi30zi x1l90r2v x1swvt13"" data-ad-comet-preview=""message"" data-ad-preview=""message"" id="":r8v:""><div class=""x78zum5 xdt5ytf xz62fqu x16ldp7u""><div class=""xu06os2 x1ok221b""><span class=""x193iq5w xeuugli x13faqbe x1vvkbs x1xmvt09 x1lliihq x1s928wv xhkezso x1gmr53x x1cpjm7i x1fgarty x1943h6x xudqn12 x3x7a5m x6prxxf xvq8zen xo1l8bm xzsf02u x1yc453h"" dir=""auto""><div class=""xdj266r x11i5rnm xat24cr x1mh8g0r x1vvkbs x126k92a""><div dir=""auto"" style=""text-align: start;""><span class=""x3nfvp2 x1j61x8r x1fcty0u xdj266r xhhsvwb xat24cr xgzva0m xxymvpz xlup9mm x1kky2od""><img height=""16"" width=""16"" alt=""âœ¨"" class=""xz74otr"" referrerpolicy=""origin-when-cross-origin"" src=""https://static.xx.fbcdn.net/images/emoji.php/v9/tf4/1/16/2728.png""></span> SUMMER DEAL ONLY FOR U22 | FOR FIGHT COMBO </div></div><div class=""x11i5rnm xat24cr x1mh8g0r x1vvkbs xtlvy1s x126k92a""><div dir=""auto"" style=""text-align: start;"">Team mÃª gÃ  tá»›i cÃ´ng chuyá»‡n cÃ¹ng nhÃ  Ceceâ€™ Box, khi mÃ  hÃ¨ vá»«a vá» Ä‘Ã£ tung ngay DEAL KHá»¦NG:  </div></div><div class=""x11i5rnm xat24cr x1mh8g0r x1vvkbs xtlvy1s x126k92a""><div dir=""auto"" style=""text-align: start;"">Táº­n hÆ°á»Ÿng bá»¯a tiá»‡c gÃ  rÃ¡n tháº£ ga cÃ¹ng combo chÃ o hÃ¨ Ä‘á»™c Ä‘Ã¡o nhÃ  Ceceâ€™ Box: â€¦ <div class=""x1i10hfl xjbqb8w x1ejq31n xd10rxx x1sy0etr x17r0tee x972fbf xcfux6l x1qhh985 xm0m39n x9f619 x1ypdohk xt0psk2 xe8uvvx xdj266r x11i5rnm xat24cr x1mh8g0r xexx8yu x4uap5 x18d9i69 xkhd6sd x16tdsg8 x1hl2dhg xggy1nq x1a2a7pz x1sur9pj xkrqix3 xzsf02u x1s688f"" role=""button"" tabindex=""0"">See more</div></div></div></span></div></div></div>",23 April at 09:11,9,1,https://scontent.fhan18-1.fna.fbcdn.net/v/t39.30808-6/440223037_740219851639995_2368286715704742097_n.jpg?stp=dst-jpg_s640x640&_nc_cat=101&ccb=1-7&_nc_sid=5f2048&_nc_ohc=NFMSYORUBe0Q7kNvgHdLqZC&_nc_ht=scontent.fhan18-1.fna&oh=00_AYDUHgSDBFshrmKeI1qBjNnv-RFsuxf8kvqpeorcWUE6bA&oe=664BB74C
15,"<div class=""x1iorvi4 x1pi30zi x1l90r2v x1swvt13"" data-ad-comet-preview=""message"" data-ad-preview=""message"" id="":r9b:""><div class=""x78zum5 xdt5ytf xz62fqu x16ldp7u""><div class=""xu06os2 x1ok221b""><span class=""x193iq5w xeuugli x13faqbe x1vvkbs x1xmvt09 x1lliihq x1s928wv xhkezso x1gmr53x x1cpjm7i x1fgarty x1943h6x xudqn12 x3x7a5m x6prxxf xvq8zen xo1l8bm xzsf02u x1yc453h"" dir=""auto""><div class=""xdj266r x11i5rnm xat24cr x1mh8g0r x1vvkbs x126k92a""><div dir=""auto"" style=""text-align: start;""><span class=""x3nfvp2 x1j61x8r x1fcty0u xdj266r xhhsvwb xat24cr xgzva0m xxymvpz xlup9mm x1kky2od""><img height=""16"" width=""16"" alt=""ğŸ—"" class=""xz74otr"" referrerpolicy=""origin-when-cross-origin"" src=""https://static.xx.fbcdn.net/images/emoji.php/v9/tad/1/16/1f357.png""></span> Boots nÄƒng lÆ°á»£ng hÃ¨ cÃ¹ng Cece' - Summer Deal for U22 Only</div></div><div class=""x11i5rnm xat24cr x1mh8g0r x1vvkbs xtlvy1s x126k92a""><div dir=""auto"" style=""text-align: start;"">Thá»© HOT nháº¥t lÃºc nÃ y khÃ´ng pháº£i lÃ  kho bÃ¡u  673.000 tá»i ngoÃ i Ä‘áº¡i dÆ°Æ¡ng, mÃ  chÃ­nh lÃ  chÆ°Æ¡ng trÃ¬nh Æ°u Ä‘Ã£i â€œNáº¡p cÄƒng nÄƒng lÆ°á»£ng mÃ¹a hÃ¨â€ táº¡i Ceceâ€™ Box. </div></div><div class=""x11i5rnm xat24cr x1mh8g0r x1vvkbs xtlvy1s x126k92a""><div dir=""auto"" style=""text-align: start;"">Chá»‰ tá»« 63K má»™t ngÆ°á»i, cÃ¡c friend iu sáº½ Ä‘Æ°á»£c thá»a sá»©c nháº­p tiá»‡c táº¡i gia vá»›i Ä‘áº§y Ä‘á»§ gÃ  ngon giÃ²n háº¥p dáº«n, há»©a háº¹n Ä‘Ã¡nh bay cÃ¡i nÃ³ng, cÃ¡i Ä‘Ã³i vÃ  náº¡p Ä‘áº§y nÄƒng lÆ°á»£ng tÆ°Æ¡i má»›i.â€¦ <div class=""x1i10hfl xjbqb8w x1ejq31n xd10rxx x1sy0etr x17r0tee x972fbf xcfux6l x1qhh985 xm0m39n x9f619 x1ypdohk xt0psk2 xe8uvvx xdj266r x11i5rnm xat24cr x1mh8g0r xexx8yu x4uap5 x18d9i69 xkhd6sd x16tdsg8 x1hl2dhg xggy1nq x1a2a7pz x1sur9pj xkrqix3 xzsf02u x1s688f"" role=""button"" tabindex=""0"">See more</div></div></div></span></div></div></div>",22 April at 10:35,20,0,https://scontent.fhan18-1.fna.fbcdn.net/v/t39.30808-6/437382007_739688285026485_4494524474329159441_n.jpg?stp=dst-jpg_p526x395&_nc_cat=110&ccb=1-7&_nc_sid=5f2048&_nc_ohc=91IXknH-n1oQ7kNvgFS1EA-&_nc_oc=AdgpdvWucjLsSSBktkzHQvDvgvjeyVMvOA2rM4KHGmTJxzIULcQreUtWeCpqX-Lf0xA&_nc_ht=scontent.fhan18-1.fna&oh=00_AYAzNwkiKpF7ojRB5tt0FdUjDXU7fcL4aTGJd0HMkEVfQw&oe=664BBFCA | https://scontent.fhan18-1.fna.fbcdn.net/v/t39.30808-6/440173436_739688335026480_4326007355211655761_n.jpg?stp=dst-jpg_p600x600&_nc_cat=102&ccb=1-7&_nc_sid=5f2048&_nc_ohc=tqtLCZ9gO_4Q7kNvgFhLQK7&_nc_ht=scontent.fhan18-1.fna&oh=00_AYCX0-fU5Y4bPg17qKs6Ps-b8yOS3elXflos_OzgHGIttA&oe=664BB22D | https://scontent.fhan18-1.fna.fbcdn.net/v/t39.30808-6/439678108_739688271693153_7012741642343121834_n.jpg?stp=dst-jpg_p600x600&_nc_cat=105&ccb=1-7&_nc_sid=5f2048&_nc_ohc=--Bi0OeZ9EcQ7kNvgG7BhKM&_nc_ht=scontent.fhan18-1.fna&oh=00_AYAky53ak_AJ75hBQyCgONaLvCzLoD5NzLvRE6FgaLkHRA&oe=664BA1BF | https://scontent.fhan18-1.fna.fbcdn.net/v/t39.30808-6/439689978_739688275026486_4558110085627918834_n.jpg?stp=dst-jpg_p600x600&_nc_cat=108&ccb=1-7&_nc_sid=5f2048&_nc_ohc=W7xINyDLksUQ7kNvgFOUuYq&_nc_ht=scontent.fhan18-1.fna&oh=00_AYDUYRlEc3kOcCfA8uupYhzry8wUerp9FI9iPosU7McX6w&oe=664BD523
16,"<div class=""x1iorvi4 x1pi30zi x1l90r2v x1swvt13"" data-ad-comet-preview=""message"" data-ad-preview=""message"" id="":r9n:""><div class=""x78zum5 xdt5ytf xz62fqu x16ldp7u""><div class=""xu06os2 x1ok221b""><span class=""x193iq5w xeuugli x13faqbe x1vvkbs x1xmvt09 x1lliihq x1s928wv xhkezso x1gmr53x x1cpjm7i x1fgarty x1943h6x xudqn12 x3x7a5m x6prxxf xvq8zen xo1l8bm xzsf02u x1yc453h"" dir=""auto""><div class=""xdj266r x11i5rnm xat24cr x1mh8g0r x1vvkbs x126k92a""><div dir=""auto"" style=""text-align: start;""><span class=""x3nfvp2 x1j61x8r x1fcty0u xdj266r xhhsvwb xat24cr xgzva0m xxymvpz xlup9mm x1kky2od""><img height=""16"" width=""16"" alt=""ğŸ“–"" class=""xz74otr"" referrerpolicy=""origin-when-cross-origin"" src=""https://static.xx.fbcdn.net/images/emoji.php/v9/t9e/1/16/1f4d6.png""></span> Ceceâ€™Box Tiáº¿p Sá»©c MÃ¹a Thi | Summer Deal for U22 Only</div></div><div class=""x11i5rnm xat24cr x1mh8g0r x1vvkbs xtlvy1s x126k92a""><div dir=""auto"" style=""text-align: start;""><span class=""x3nfvp2 x1j61x8r x1fcty0u xdj266r xhhsvwb xat24cr xgzva0m xxymvpz xlup9mm x1kky2od""><img height=""16"" width=""16"" alt=""âœ’ï¸"" class=""xz74otr"" referrerpolicy=""origin-when-cross-origin"" src=""https://static.xx.fbcdn.net/images/emoji.php/v9/t4f/1/16/2712.png""></span> MÃ¹a thi cáº­n ká», cÃ¡c sÄ© tá»­ Ã´n thi miá»‡t mÃ i nhÆ°ng cÅ©ng Ä‘á»«ng quÃªn thÆ° giÃ£n vÃ  náº¡p nÄƒng lÆ°á»£ng vá»›i nhá»¯ng bá»¯a Äƒn tháº­t cháº¥t lÆ°á»£ng nhÃ©! </div></div><div class=""x11i5rnm xat24cr x1mh8g0r x1vvkbs xtlvy1s x126k92a""><div dir=""auto"" style=""text-align: start;"">Cece'Box gá»­i táº·ng cÃ¡c sÄ© tá»­ thÃ¢n iu cÃ¡c COMBO Æ°u Ä‘Ã£i cá»±c kÃ¬ háº¥p dáº«n! â€¦ <div class=""x1i10hfl xjbqb8w x1ejq31n xd10rxx x1sy0etr x17r0tee x972fbf xcfux6l x1qhh985 xm0m39n x9f619 x1ypdohk xt0psk2 xe8uvvx xdj266r x11i5rnm xat24cr x1mh8g0r xexx8yu x4uap5 x18d9i69 xkhd6sd x16tdsg8 x1hl2dhg xggy1nq x1a2a7pz x1sur9pj xkrqix3 xzsf02u x1s688f"" role=""button"" tabindex=""0"">See more</div></div></div></span></div></div></div>",16-Apr,41,6,https://scontent.fhan18-1.fna.fbcdn.net/v/t39.30808-6/435879625_736266368702010_9136752011872031038_n.jpg?stp=dst-jpg_s600x600&_nc_cat=103&ccb=1-7&_nc_sid=5f2048&_nc_ohc=W2QfA7I9WP8Q7kNvgHSbruc&_nc_ht=scontent.fhan18-1.fna&oh=00_AYBNYI1a1oxNk8bpyG_fkna-S094DzbbemiIDH_oO2pDIg&oe=664BAEDD | https://scontent.fhan18-1.fna.fbcdn.net/v/t39.30808-6/435971558_736266275368686_3818105293725718392_n.jpg?stp=dst-jpg_p600x600&_nc_cat=110&ccb=1-7&_nc_sid=5f2048&_nc_ohc=5E9u2Fk0WgAQ7kNvgGvqpHF&_nc_ht=scontent.fhan18-1.fna&oh=00_AYBLknXlMtaDHJF9cbuDW9OaWNLj_cuaxlnqRlOOcRUzYg&oe=664BB8DC | https://scontent.fhan18-1.fna.fbcdn.net/v/t39.30808-6/436305708_736266268702020_9094351217014253500_n.jpg?stp=dst-jpg_p600x600&_nc_cat=103&ccb=1-7&_nc_sid=5f2048&_nc_ohc=XZEDOmr9R0AQ7kNvgHpu7-a&_nc_ht=scontent.fhan18-1.fna&oh=00_AYCbOBn_u7uaT-Pbo-JRkzjtNzVnp3niz-tvt6CNaPjFfg&oe=664BC7B2 | https://scontent.fhan18-1.fna.fbcdn.net/v/t39.30808-6/436357751_736266272035353_173649949337139216_n.jpg?stp=dst-jpg_p600x600&_nc_cat=102&ccb=1-7&_nc_sid=5f2048&_nc_ohc=hbe_ueo5fW4Q7kNvgH4eFq0&_nc_ht=scontent.fhan18-1.fna&oh=00_AYBzuOh7YJAvixkOJK-64YJl4DEd7kYQaHARVoteock5GQ&oe=664BB41A
17,"<div class=""x1iorvi4 x1pi30zi x1l90r2v x1swvt13"" data-ad-comet-preview=""message"" data-ad-preview=""message"" id="":ra5:""><div class=""x78zum5 xdt5ytf xz62fqu x16ldp7u""><div class=""xu06os2 x1ok221b""><span class=""x193iq5w xeuugli x13faqbe x1vvkbs x1xmvt09 x1lliihq x1s928wv xhkezso x1gmr53x x1cpjm7i x1fgarty x1943h6x xudqn12 x3x7a5m x6prxxf xvq8zen xo1l8bm xzsf02u x1yc453h"" dir=""auto""><div class=""xdj266r x11i5rnm xat24cr x1mh8g0r x1vvkbs x126k92a""><div dir=""auto"" style=""text-align: start;"">Gá»i tÃªn anh em sinh nháº­t thÃ¡ng 4 <span class=""x3nfvp2 x1j61x8r x1fcty0u xdj266r xhhsvwb xat24cr xgzva0m xxymvpz xlup9mm x1kky2od""><img height=""16"" width=""16"" alt=""ğŸ«¶"" class=""xz74otr"" referrerpolicy=""origin-when-cross-origin"" src=""https://static.xx.fbcdn.net/images/emoji.php/v9/t49/1/16/1faf6.png""></span>Sinh ngÃ y bao nhiÃªu giáº£m báº¥y nhiÃªu <span class=""x3nfvp2 x1j61x8r x1fcty0u xdj266r xhhsvwb xat24cr xgzva0m xxymvpz xlup9mm x1kky2od""><img height=""16"" width=""16"" alt=""ğŸ’¯"" class=""xz74otr"" referrerpolicy=""origin-when-cross-origin"" src=""https://static.xx.fbcdn.net/images/emoji.php/v9/tf1/1/16/1f4af.png""></span></div></div></span></div></div></div>",15-Apr,42,4,https://scontent.fhan18-1.fna.fbcdn.net/v/t15.5256-10/438041931_2419030531634555_2453155975881661881_n.jpg?stp=dst-jpg_s960x960&_nc_cat=101&ccb=1-7&_nc_sid=5f2048&_nc_ohc=v4edvG2QS1kQ7kNvgGUXUX3&_nc_ht=scontent.fhan18-1.fna&oh=00_AYD2fz8j20gmFGxQom1wVAZVFUHNSkdPz9XIK0GtNWKCTw&oe=664BB400
18,"<div class=""x1iorvi4 x1pi30zi x1l90r2v x1swvt13"" data-ad-comet-preview=""message"" data-ad-preview=""message"" id="":rat:""><div class=""x78zum5 xdt5ytf xz62fqu x16ldp7u""><div class=""xu06os2 x1ok221b""><span class=""x193iq5w xeuugli x13faqbe x1vvkbs x1xmvt09 x1lliihq x1s928wv xhkezso x1gmr53x x1cpjm7i x1fgarty x1943h6x xudqn12 x3x7a5m x6prxxf xvq8zen xo1l8bm xzsf02u x1yc453h"" dir=""auto""><div class=""xdj266r x11i5rnm xat24cr x1mh8g0r x1vvkbs x126k92a""><div dir=""auto"" style=""text-align: start;""><span class=""x3nfvp2 x1j61x8r x1fcty0u xdj266r xhhsvwb xat24cr xgzva0m xxymvpz xlup9mm x1kky2od""><img height=""16"" width=""16"" alt=""ğŸ—"" class=""xz74otr"" referrerpolicy=""origin-when-cross-origin"" src=""https://static.xx.fbcdn.net/images/emoji.php/v9/tad/1/16/1f357.png""></span> Há»™i ""intern"" Äƒn trÆ°a kiá»ƒu gÃ¬?</div></div><div class=""x11i5rnm xat24cr x1mh8g0r x1vvkbs xtlvy1s x126k92a""><div dir=""auto"" style=""text-align: start;"">Thá»­ thÃ¡ch khÃ³ nháº±n â€œtrÆ°a nay Äƒn gÃ¬â€ luÃ´n gÃ¢y Ä‘au Ä‘áº§u cho há»™i vÄƒn phÃ²ng, Ä‘áº·c biá»‡t lÃ  há»™i ""intern"" khi pháº£i vá»«a ngon, láº¡ miá»‡ng mÃ  pháº£i há»£p trend má»›i chá»‹u.</div></div><div class=""x11i5rnm xat24cr x1mh8g0r x1vvkbs xtlvy1s x126k92a""><div dir=""auto"" style=""text-align: start;""><span class=""x3nfvp2 x1j61x8r x1fcty0u xdj266r xhhsvwb xat24cr xgzva0m xxymvpz xlup9mm x1kky2od""><img height=""16"" width=""16"" alt=""ğŸ”¥"" class=""xz74otr"" referrerpolicy=""origin-when-cross-origin"" src=""https://static.xx.fbcdn.net/images/emoji.php/v9/t50/1/16/1f525.png""></span> Váº­y hÃ£y cÃ¹ng Ä‘iá»ƒm qua thá»±c Ä‘Æ¡n dÃ nh riÃªng cho há»™i intern cá»§a nhÃ  Cece Box Ä‘á»ƒ vá»«a Ä‘Æ°á»£c Äƒn ngon mÃ  láº¡i â€œphong thá»§yâ€ chá»‘n cÃ´ng sá»Ÿ báº¡n nhÃ©!!!</div><div dir=""auto"" style=""text-align: start;"">-â€¦ <div class=""x1i10hfl xjbqb8w x1ejq31n xd10rxx x1sy0etr x17r0tee x972fbf xcfux6l x1qhh985 xm0m39n x9f619 x1ypdohk xt0psk2 xe8uvvx xdj266r x11i5rnm xat24cr x1mh8g0r xexx8yu x4uap5 x18d9i69 xkhd6sd x16tdsg8 x1hl2dhg xggy1nq x1a2a7pz x1sur9pj xkrqix3 xzsf02u x1s688f"" role=""button"" tabindex=""0"">See more</div></div></div></span></div></div></div>",9-Apr,22,1,https://scontent.fhan18-1.fna.fbcdn.net/v/t39.30808-6/435471987_732229589105688_4669480039454422558_n.jpg?stp=dst-jpg_p526x395&_nc_cat=109&ccb=1-7&_nc_sid=5f2048&_nc_ohc=Hdgr6FmVlXkQ7kNvgFKDSKp&_nc_ht=scontent.fhan18-1.fna&oh=00_AYB7na2BXKz_lGeauA5lyMsKE8PwyIVJmXZ7iNDcbnSBfQ&oe=664BD5EA | https://scontent.fhan18-1.fna.fbcdn.net/v/t39.30808-6/435874405_732229499105697_4602698629660926624_n.jpg?stp=dst-jpg_p600x600&_nc_cat=100&ccb=1-7&_nc_sid=5f2048&_nc_ohc=pxkdea11IycQ7kNvgF57Xp4&_nc_ht=scontent.fhan18-1.fna&oh=00_AYCvZQWQkGMge9A4sp2aB8at0mjE0dWL0iMNL2bOUXqz1A&oe=664BD1D5 | https://scontent.fhan18-1.fna.fbcdn.net/v/t39.30808-6/436312968_732229502439030_9176872475767562632_n.jpg?stp=dst-jpg_p600x600&_nc_cat=105&ccb=1-7&_nc_sid=5f2048&_nc_ohc=BoJi_FQwn7cQ7kNvgFYNkMh&_nc_ht=scontent.fhan18-1.fna&oh=00_AYBaIGDMJFfP8L6aSC5o19tcBIb-2D_7WHpmextziv-JKA&oe=664BC007 | https://scontent.fhan18-1.fna.fbcdn.net/v/t39.30808-6/435467292_732229495772364_5842504954797246301_n.jpg?stp=dst-jpg_p600x600&_nc_cat=100&ccb=1-7&_nc_sid=5f2048&_nc_ohc=-oztI0so-BkQ7kNvgFR4Ynr&_nc_oc=AdjNWdLaxAVZS-oLc2dnsiUjgJGktjZrnrGJK2rDgGzlN9kG8r_CJKMZ5t6oxCytDjs&_nc_ht=scontent.fhan18-1.fna&oh=00_AYDvEZqHcWxYr7W4ymsZOR-SpADSr9iamXr-w_jVrCeg9A&oe=664BAB24
19,"<div class=""x1iorvi4 x1pi30zi x1l90r2v x1swvt13"" data-ad-comet-preview=""message"" data-ad-preview=""message"" id="":rb9:""><div class=""x78zum5 xdt5ytf xz62fqu x16ldp7u""><div class=""xu06os2 x1ok221b""><span class=""x193iq5w xeuugli x13faqbe x1vvkbs x1xmvt09 x1lliihq x1s928wv xhkezso x1gmr53x x1cpjm7i x1fgarty x1943h6x xudqn12 x3x7a5m x6prxxf xvq8zen xo1l8bm xzsf02u x1yc453h"" dir=""auto""><div class=""xdj266r x11i5rnm xat24cr x1mh8g0r x1vvkbs x126k92a""><div dir=""auto"" style=""text-align: start;"">NhÃ¢n viÃªn Cece' Box hÃ i cá»¡ nÃ y, báº¡n hÃ i cá»¡ nÃ o!? </div><div dir=""auto"" style=""text-align: start;"">GhÃ© ngay Cece' Box Ä‘á»ƒ tráº£i nghiá»‡m sá»± hÃ i hÆ°á»›c nÃ y, báº¡n iu nhÃ©!</div><div dir=""auto"" style=""text-align: start;"">----------------------------</div><div dir=""auto"" style=""text-align: start;"">CECEâ€™ BOX</div><div dir=""auto"" style=""text-align: start;""><span class=""x3nfvp2 x1j61x8r x1fcty0u xdj266r xhhsvwb xat24cr xgzva0m xxymvpz xlup9mm x1kky2od""><img height=""16"" width=""16"" alt=""ğŸ“"" class=""xz74otr"" referrerpolicy=""origin-when-cross-origin"" src=""https://static.xx.fbcdn.net/images/emoji.php/v9/t2d/1/16/1f4cd.png""></span>61 PhÃ¡o ÄÃ i LÃ¡ng â€¦ <div class=""x1i10hfl xjbqb8w x1ejq31n xd10rxx x1sy0etr x17r0tee x972fbf xcfux6l x1qhh985 xm0m39n x9f619 x1ypdohk xt0psk2 xe8uvvx xdj266r x11i5rnm xat24cr x1mh8g0r xexx8yu x4uap5 x18d9i69 xkhd6sd x16tdsg8 x1hl2dhg xggy1nq x1a2a7pz x1sur9pj xkrqix3 xzsf02u x1s688f"" role=""button"" tabindex=""0"">See more</div></div></div></span></div></div></div>",8-Apr,38,1,
